{
  "run_id": "c92c062f20174d1db5b87e5cd26d7c88",
  "experiment_id": "746601874095632703",
  "metrics": {
    "train_accuracy": 0.922752808988764,
    "test_accuracy": 0.8100558659217877,
    "train_f1": 0.8940269749518305,
    "test_f1": 0.7258064516129032,
    "test_precision": 0.8181818181818182,
    "test_recall": 0.6521739130434783
  },
  "timestamp": "2025-10-05T20:30:47.594518"
}